E101,Ram,Singh,ram.singh@gmail.com,45
E102,Ram,Singh,ram.singh@gmail.com,45
E103,Ram,Singh,ram.singh@gmail.com,45
E104,Ram,Singh,ram.singh@gmail.com,45
E105,Ram,Singh,ram.singh@gmail.com,45
E106,Ram,Singh,ram.singh@gmail.com,45
E107,Ram,Singh,ram.singh@gmail.com,45
E108,Ram,Singh,ram.singh@gmail.com,45
E109,Ram,Singh,ram.singh@gmail.com,45
E110,Ram,Singh,ram.singh@gmail.com,45
E111,Ram,Singh,ram.singh@gmail.com,45
E112,Ram,Singh,ram.singh@gmail.com,45
E113,Ram,Singh,ram.singh@gmail.com,45
E114,Ram,Singh,ram.singh@gmail.com,45
E115,Ram,Singh,ram.singh@gmail.com,45
E116,Ram,Singh,ram.singh@gmail.com,45
E117,Ram,Singh,ram.singh@gmail.com,45
E118,Ram,Singh,ram.singh@gmail.com,45
E119,Ram,Singh,ram.singh@gmail.com,45
